Volume ID,Size (GiB),Volume Type,State,Creation Date,Availability Zone,Cost per Month (USD),Tags
vol-16a883f5,991,st1,available,2024-03-18,sa-east-1a,44.59,Environment=Dev;Project=Project8
vol-2cdffd78,327,io1,available,2023-11-25,us-west-2b,40.88,Environment=Dev;Project=Project7
vol-6698e2f3,580,st1,available,2024-06-04,eu-central-1c,26.1,Environment=Dev;Project=Project9
vol-504d024f,618,sc1,available,2023-11-30,us-east-1a,15.45,Environment=Dev;Project=Project6
vol-a7f75a1d,628,io1,available,2024-01-23,sa-east-1a,78.5,Environment=Dev;Project=Project6
vol-78bb0e39,493,gp3,available,2024-05-09,us-west-2b,39.44,Environment=Dev;Project=Project8
vol-62d91e97,879,gp3,available,2024-09-13,us-west-2b,70.32,Environment=Dev;Project=Project1
vol-ec4b7c44,325,sc1,available,2024-02-01,us-east-1a,8.12,Environment=Dev;Project=Project1
vol-01c4622d,594,st1,available,2023-12-18,us-west-2b,26.73,Environment=Dev;Project=Project5
vol-24588331,749,gp3,available,2023-12-09,sa-east-1a,59.92,Environment=Dev;Project=Project9
vol-2ba9c99b,712,st1,available,2024-04-07,eu-central-1c,32.04,Environment=Dev;Project=Project9
vol-d8b708cd,673,io1,available,2024-03-26,sa-east-1a,84.12,Environment=Dev;Project=Project8
vol-e8047ca5,230,gp3,available,2024-09-21,ap-southeast-1a,18.4,Environment=Dev;Project=Project4
vol-cb81b644,130,st1,available,2024-07-08,ap-southeast-1a,5.85,Environment=Dev;Project=Project9
vol-7964dc30,820,gp3,available,2023-12-18,sa-east-1a,65.6,Environment=Dev;Project=Project9
vol-0c5207f5,468,sc1,available,2024-09-24,ap-southeast-1a,11.7,Environment=Dev;Project=Project10
vol-43eb4c92,399,gp2,available,2024-03-28,us-west-2b,39.9,Environment=Dev;Project=Project6
vol-2a9f5658,573,gp3,available,2024-07-29,ap-southeast-1a,45.84,Environment=Dev;Project=Project2
vol-bb565f99,554,gp2,available,2024-05-03,sa-east-1a,55.4,Environment=Dev;Project=Project5
vol-799e1126,269,gp3,available,2024-04-12,us-west-2b,21.52,Environment=Dev;Project=Project3
vol-eb5093dc,17,st1,available,2024-10-16,sa-east-1a,0.77,Environment=Dev;Project=Project2
vol-ab749017,815,sc1,available,2024-03-27,us-east-1a,20.38,Environment=Dev;Project=Project1
vol-ffd24b36,595,io1,available,2024-06-24,ap-southeast-1a,74.38,Environment=Dev;Project=Project6
vol-b06f2351,874,gp3,available,2024-07-26,ap-southeast-1a,69.92,Environment=Dev;Project=Project6
vol-3bbe3885,381,sc1,available,2024-06-25,us-east-1a,9.53,Environment=Dev;Project=Project2
vol-d53079e1,856,sc1,available,2023-12-14,ap-southeast-1a,21.4,Environment=Dev;Project=Project8
vol-8643ac96,915,gp2,available,2024-07-04,eu-central-1c,91.5,Environment=Dev;Project=Project8
vol-fd281d3b,352,io1,available,2024-02-20,us-east-1a,44.0,Environment=Dev;Project=Project10
vol-7a192bb7,482,io1,available,2024-02-14,eu-central-1c,60.25,Environment=Dev;Project=Project8
vol-03d8a282,361,sc1,available,2024-03-12,us-west-2b,9.03,Environment=Dev;Project=Project1
vol-81a0457b,192,gp2,available,2024-04-20,ap-southeast-1a,19.2,Environment=Dev;Project=Project3
vol-076e1ab9,848,sc1,available,2023-12-03,us-west-2b,21.2,Environment=Dev;Project=Project9
vol-db36e0f1,574,gp2,available,2023-11-26,us-west-2b,57.4,Environment=Dev;Project=Project7
vol-ae6dd481,402,st1,available,2024-09-15,sa-east-1a,18.09,Environment=Dev;Project=Project5
vol-7155b210,999,gp2,available,2024-09-28,us-west-2b,99.9,Environment=Dev;Project=Project10
vol-12a86fe7,563,io1,available,2023-12-07,us-west-2b,70.38,Environment=Dev;Project=Project6
vol-5ed48fcd,168,sc1,available,2024-04-17,ap-southeast-1a,4.2,Environment=Dev;Project=Project7
vol-433783ae,8,gp3,available,2024-07-27,us-west-2b,0.64,Environment=Dev;Project=Project10
vol-f38e74e1,329,st1,available,2024-10-16,sa-east-1a,14.8,Environment=Dev;Project=Project2
vol-e2f2b557,602,gp3,available,2024-09-07,eu-central-1c,48.16,Environment=Dev;Project=Project8
vol-5acf2e21,315,gp3,available,2023-11-15,sa-east-1a,25.2,Environment=Dev;Project=Project2
vol-bb813bd8,745,st1,available,2024-05-19,sa-east-1a,33.52,Environment=Dev;Project=Project4
vol-a5a917c5,339,gp2,available,2024-05-25,eu-central-1c,33.9,Environment=Dev;Project=Project10
vol-ca67986a,729,io1,available,2024-06-17,sa-east-1a,91.12,Environment=Dev;Project=Project10
vol-1193ca9f,444,gp2,available,2024-09-18,us-east-1a,44.4,Environment=Dev;Project=Project10
vol-67b8a578,54,io1,available,2023-12-14,sa-east-1a,6.75,Environment=Dev;Project=Project8
vol-4fde0f97,623,sc1,available,2024-03-30,ap-southeast-1a,15.58,Environment=Dev;Project=Project10
vol-640a96e9,35,io1,available,2024-04-10,ap-southeast-1a,4.38,Environment=Dev;Project=Project5
vol-f5a2b770,938,gp3,available,2024-10-24,ap-southeast-1a,75.04,Environment=Dev;Project=Project8
vol-183b14d1,667,st1,available,2024-08-28,ap-southeast-1a,30.02,Environment=Dev;Project=Project8
vol-99ce3175,986,io1,available,2024-01-14,ap-southeast-1a,123.25,Environment=Dev;Project=Project8
vol-e44475e5,915,gp2,available,2024-09-30,us-west-2b,91.5,Environment=Dev;Project=Project1
vol-6056f375,362,io1,available,2023-12-22,us-east-1a,45.25,Environment=Dev;Project=Project1
vol-057dce31,172,sc1,available,2024-03-05,ap-southeast-1a,4.3,Environment=Dev;Project=Project1
vol-30dd4851,848,gp3,available,2024-03-19,sa-east-1a,67.84,Environment=Dev;Project=Project5
vol-5b8bda27,807,gp2,available,2024-04-11,ap-southeast-1a,80.7,Environment=Dev;Project=Project4
vol-c20b633b,341,sc1,available,2024-09-17,us-east-1a,8.53,Environment=Dev;Project=Project6
vol-c4cbda32,92,io1,available,2024-08-14,us-east-1a,11.5,Environment=Dev;Project=Project3
vol-53e5c939,316,sc1,available,2024-02-07,us-west-2b,7.9,Environment=Dev;Project=Project5
vol-da4268ee,167,io1,available,2024-10-30,eu-central-1c,20.88,Environment=Dev;Project=Project1
vol-cb43037b,271,gp3,available,2024-02-02,ap-southeast-1a,21.68,Environment=Dev;Project=Project2
vol-5fbd491f,763,st1,available,2024-10-15,sa-east-1a,34.34,Environment=Dev;Project=Project9
vol-ebe2a985,270,gp3,available,2024-06-06,sa-east-1a,21.6,Environment=Dev;Project=Project5
vol-932f6250,303,gp3,available,2024-08-15,sa-east-1a,24.24,Environment=Dev;Project=Project5
vol-760c7d45,939,sc1,available,2024-01-08,us-east-1a,23.48,Environment=Dev;Project=Project1
vol-16c86aa9,955,sc1,available,2024-09-19,sa-east-1a,23.88,Environment=Dev;Project=Project5
vol-3b1b5779,621,gp3,available,2024-02-05,eu-central-1c,49.68,Environment=Dev;Project=Project4
vol-1491042e,400,sc1,available,2024-02-24,eu-central-1c,10.0,Environment=Dev;Project=Project2
vol-0b285cef,700,gp3,available,2023-12-09,ap-southeast-1a,56.0,Environment=Dev;Project=Project3
vol-e9be90c3,117,st1,available,2023-12-20,ap-southeast-1a,5.26,Environment=Dev;Project=Project8
vol-5f28a455,691,gp3,available,2024-04-13,us-west-2b,55.28,Environment=Dev;Project=Project8
vol-3a8f36c5,218,sc1,available,2024-02-23,us-east-1a,5.45,Environment=Dev;Project=Project3
vol-ce2fb65f,138,io1,available,2024-05-16,us-east-1a,17.25,Environment=Dev;Project=Project1
vol-8a8f1e7a,615,sc1,available,2024-03-12,sa-east-1a,15.38,Environment=Dev;Project=Project1
vol-8c844923,74,gp3,available,2024-01-05,ap-southeast-1a,5.92,Environment=Dev;Project=Project5
vol-d0439e75,112,gp3,available,2024-06-24,us-west-2b,8.96,Environment=Dev;Project=Project7
vol-767e7388,257,sc1,available,2024-05-18,sa-east-1a,6.43,Environment=Dev;Project=Project5
vol-118bf2c3,769,sc1,available,2024-01-14,sa-east-1a,19.23,Environment=Dev;Project=Project8
vol-1c96fb26,899,st1,available,2024-02-04,eu-central-1c,40.45,Environment=Dev;Project=Project3
vol-ecbc23b2,562,gp2,available,2024-05-30,eu-central-1c,56.2,Environment=Dev;Project=Project3
vol-6e214b66,341,sc1,available,2024-07-26,eu-central-1c,8.53,Environment=Dev;Project=Project3
vol-dc4b483f,684,sc1,available,2024-01-25,eu-central-1c,17.1,Environment=Dev;Project=Project4
vol-9fc19afd,510,gp2,available,2023-12-26,sa-east-1a,51.0,Environment=Dev;Project=Project2
vol-f532d825,845,gp2,available,2024-06-14,sa-east-1a,84.5,Environment=Dev;Project=Project9
vol-95a5e537,326,sc1,available,2024-01-31,sa-east-1a,8.15,Environment=Dev;Project=Project3
vol-dfc9531f,772,gp3,available,2024-05-22,ap-southeast-1a,61.76,Environment=Dev;Project=Project10
vol-fe79fe99,949,sc1,available,2024-08-02,ap-southeast-1a,23.73,Environment=Dev;Project=Project10
vol-50283a11,663,gp2,available,2024-09-06,sa-east-1a,66.3,Environment=Dev;Project=Project3
vol-6a5cbfc6,352,gp2,available,2024-04-23,eu-central-1c,35.2,Environment=Dev;Project=Project1
vol-568f62a6,753,gp2,available,2024-10-21,sa-east-1a,75.3,Environment=Dev;Project=Project6
vol-be63b051,589,sc1,available,2024-05-19,eu-central-1c,14.73,Environment=Dev;Project=Project10
vol-428b8e95,108,sc1,available,2024-04-27,us-east-1a,2.7,Environment=Dev;Project=Project9
vol-09314640,230,gp3,available,2024-04-15,sa-east-1a,18.4,Environment=Dev;Project=Project8
vol-9103837b,786,st1,available,2024-03-01,sa-east-1a,35.37,Environment=Dev;Project=Project7
vol-87578c9c,552,gp2,available,2024-11-05,us-east-1a,55.2,Environment=Dev;Project=Project9
vol-81bacb22,825,gp2,available,2024-02-29,sa-east-1a,82.5,Environment=Dev;Project=Project8
vol-06ff86ef,365,sc1,available,2024-04-07,eu-central-1c,9.12,Environment=Dev;Project=Project3
vol-131afce3,968,io1,available,2024-06-09,us-west-2b,121.0,Environment=Dev;Project=Project7
vol-99780b48,54,io1,available,2023-12-01,us-east-1a,6.75,Environment=Dev;Project=Project5
vol-e47abe43,380,gp3,available,2024-08-11,us-west-2b,30.4,Environment=Dev;Project=Project5
vol-211463e4,846,gp3,available,2024-07-14,eu-central-1c,67.68,Environment=Dev;Project=Project9
vol-fcbbf736,339,gp2,available,2024-05-24,us-west-2b,33.9,Environment=Dev;Project=Project10
vol-017926e9,210,gp2,available,2024-07-12,eu-central-1c,21.0,Environment=Dev;Project=Project1
vol-a188df6d,488,st1,available,2024-07-31,ap-southeast-1a,21.96,Environment=Dev;Project=Project9
vol-35a3706d,307,sc1,available,2024-07-10,ap-southeast-1a,7.68,Environment=Dev;Project=Project5
vol-367c510b,930,st1,available,2024-08-13,us-west-2b,41.85,Environment=Dev;Project=Project1
vol-dba431c5,881,gp3,available,2024-09-09,ap-southeast-1a,70.48,Environment=Dev;Project=Project5
vol-ca4dc610,684,gp3,available,2024-01-29,us-east-1a,54.72,Environment=Dev;Project=Project5
vol-fedd471c,613,io1,available,2024-02-17,us-west-2b,76.62,Environment=Dev;Project=Project4
vol-a0667d1f,357,gp3,available,2024-03-31,eu-central-1c,28.56,Environment=Dev;Project=Project10
vol-f858bb4e,611,io1,available,2024-09-15,eu-central-1c,76.38,Environment=Dev;Project=Project7
vol-01480df2,610,gp3,available,2024-03-22,us-east-1a,48.8,Environment=Dev;Project=Project8
vol-59e7aca2,229,io1,available,2024-08-30,us-east-1a,28.62,Environment=Dev;Project=Project3
vol-ef774139,939,gp3,available,2024-04-11,eu-central-1c,75.12,Environment=Dev;Project=Project3
vol-84679f35,305,io1,available,2024-08-12,us-west-2b,38.12,Environment=Dev;Project=Project9
vol-3faaf0e3,776,st1,available,2024-01-25,us-east-1a,34.92,Environment=Dev;Project=Project2
vol-35ffc3b6,60,gp3,available,2024-04-23,eu-central-1c,4.8,Environment=Dev;Project=Project3
vol-762c7b39,685,gp2,available,2024-01-22,eu-central-1c,68.5,Environment=Dev;Project=Project10
vol-5b668825,23,st1,available,2024-02-11,us-west-2b,1.03,Environment=Dev;Project=Project8
vol-d1308425,788,sc1,available,2024-02-23,us-east-1a,19.7,Environment=Dev;Project=Project2
vol-62f8d74b,61,st1,available,2024-06-20,us-west-2b,2.75,Environment=Dev;Project=Project9
vol-90d38284,307,io1,available,2024-03-02,us-east-1a,38.38,Environment=Dev;Project=Project8
vol-9be05cc0,443,sc1,available,2023-11-18,us-west-2b,11.08,Environment=Dev;Project=Project10
vol-1d344c98,459,st1,available,2024-08-10,us-east-1a,20.65,Environment=Dev;Project=Project4
vol-675babbf,734,st1,available,2023-11-27,ap-southeast-1a,33.03,Environment=Dev;Project=Project7
vol-d234ba7e,692,gp2,available,2024-07-03,us-west-2b,69.2,Environment=Dev;Project=Project1
vol-e0732b3a,843,sc1,available,2024-08-31,us-west-2b,21.08,Environment=Dev;Project=Project6
vol-fe7c5262,246,gp2,available,2024-11-10,ap-southeast-1a,24.6,Environment=Dev;Project=Project4
vol-4485fa30,894,gp3,available,2024-06-24,eu-central-1c,71.52,Environment=Dev;Project=Project2
vol-34d7756d,543,st1,available,2024-07-16,us-east-1a,24.43,Environment=Dev;Project=Project4
vol-fd74f852,353,io1,available,2024-03-08,us-west-2b,44.12,Environment=Dev;Project=Project4
vol-8097ad7b,243,gp3,available,2024-04-07,ap-southeast-1a,19.44,Environment=Dev;Project=Project10
vol-acc43681,602,sc1,available,2024-05-01,sa-east-1a,15.05,Environment=Dev;Project=Project3
vol-4577b0d2,477,sc1,available,2023-12-06,us-east-1a,11.93,Environment=Dev;Project=Project10
vol-442bd98c,146,sc1,available,2023-12-23,sa-east-1a,3.65,Environment=Dev;Project=Project4
vol-5e2dbbc8,648,io1,available,2024-03-26,us-west-2b,81.0,Environment=Dev;Project=Project7
vol-46774d68,11,io1,available,2024-04-04,sa-east-1a,1.38,Environment=Dev;Project=Project3
vol-3b33a650,472,io1,available,2024-08-12,us-west-2b,59.0,Environment=Dev;Project=Project2
vol-ad168baf,995,sc1,available,2024-01-04,ap-southeast-1a,24.88,Environment=Dev;Project=Project5
vol-ac3a34f9,358,io1,available,2024-05-08,sa-east-1a,44.75,Environment=Dev;Project=Project4
vol-19330656,472,sc1,available,2024-09-25,us-east-1a,11.8,Environment=Dev;Project=Project2
vol-0fb184c0,153,io1,available,2024-06-17,ap-southeast-1a,19.12,Environment=Dev;Project=Project9
vol-002073a0,928,gp3,available,2024-11-03,us-west-2b,74.24,Environment=Dev;Project=Project6
vol-6f0d74d8,165,sc1,available,2024-10-14,us-east-1a,4.12,Environment=Dev;Project=Project9
vol-e7d64ff8,899,sc1,available,2023-12-31,us-east-1a,22.48,Environment=Dev;Project=Project1
vol-667d1ec3,295,gp3,available,2024-01-29,us-east-1a,23.6,Environment=Dev;Project=Project6
vol-53f2bf16,508,st1,available,2024-09-13,us-west-2b,22.86,Environment=Dev;Project=Project7
vol-50f54034,264,gp2,available,2024-05-01,us-west-2b,26.4,Environment=Dev;Project=Project4
vol-3aa52c09,339,gp2,available,2024-01-21,sa-east-1a,33.9,Environment=Dev;Project=Project9
vol-9c46d0cc,884,gp3,available,2024-10-30,us-east-1a,70.72,Environment=Dev;Project=Project1
vol-ca793ecf,366,st1,available,2024-09-13,sa-east-1a,16.47,Environment=Dev;Project=Project5
vol-d9d2a0d9,39,gp2,available,2024-05-22,ap-southeast-1a,3.9,Environment=Dev;Project=Project9
vol-f47b97ea,511,io1,available,2024-04-13,eu-central-1c,63.88,Environment=Dev;Project=Project7
vol-cef9b5ac,93,gp3,available,2024-08-18,ap-southeast-1a,7.44,Environment=Dev;Project=Project4
vol-6a27c4c3,939,st1,available,2024-03-17,us-west-2b,42.25,Environment=Dev;Project=Project6
vol-cff84a30,156,sc1,available,2024-02-03,eu-central-1c,3.9,Environment=Dev;Project=Project10
vol-b577f13c,18,gp2,available,2024-09-23,us-east-1a,1.8,Environment=Dev;Project=Project9
vol-5ddccec9,593,gp2,available,2024-09-06,eu-central-1c,59.3,Environment=Dev;Project=Project8
vol-9c016931,558,st1,available,2024-03-12,sa-east-1a,25.11,Environment=Dev;Project=Project10
vol-a7cfb7ea,246,io1,available,2024-09-26,us-west-2b,30.75,Environment=Dev;Project=Project8
vol-ac9476b5,753,sc1,available,2024-09-14,us-east-1a,18.82,Environment=Dev;Project=Project6
vol-c4a70ce7,199,sc1,available,2023-12-21,ap-southeast-1a,4.98,Environment=Dev;Project=Project3
vol-1ff06b7b,582,io1,available,2024-06-16,ap-southeast-1a,72.75,Environment=Dev;Project=Project8
vol-1e92cb93,81,gp3,available,2024-02-07,eu-central-1c,6.48,Environment=Dev;Project=Project1
vol-d6355939,888,gp2,available,2024-07-27,ap-southeast-1a,88.8,Environment=Dev;Project=Project2
vol-31d8b37f,228,gp2,available,2024-07-05,us-east-1a,22.8,Environment=Dev;Project=Project8
vol-39629223,191,sc1,available,2024-10-07,eu-central-1c,4.78,Environment=Dev;Project=Project6
vol-9115099d,79,gp3,available,2024-04-21,eu-central-1c,6.32,Environment=Dev;Project=Project2
vol-c61c6330,839,gp3,available,2024-11-04,ap-southeast-1a,67.12,Environment=Dev;Project=Project4
vol-951518a2,358,gp3,available,2024-07-19,eu-central-1c,28.64,Environment=Dev;Project=Project3
vol-0ad2923f,545,sc1,available,2024-01-29,sa-east-1a,13.62,Environment=Dev;Project=Project3
vol-a7007c3c,253,gp3,available,2024-03-20,sa-east-1a,20.24,Environment=Dev;Project=Project7
vol-62f51388,965,io1,available,2023-11-20,us-east-1a,120.62,Environment=Dev;Project=Project7
vol-742ea017,432,st1,available,2023-11-25,us-east-1a,19.44,Environment=Dev;Project=Project6
vol-b7ceb181,671,gp3,available,2024-01-18,us-west-2b,53.68,Environment=Dev;Project=Project10
vol-160e6eec,882,st1,available,2024-08-26,us-east-1a,39.69,Environment=Dev;Project=Project9
vol-a22bb86f,413,io1,available,2024-10-02,us-east-1a,51.62,Environment=Dev;Project=Project1
vol-849804ab,422,st1,available,2024-07-25,us-west-2b,18.99,Environment=Dev;Project=Project2
vol-7d7fd303,563,gp3,available,2024-09-19,eu-central-1c,45.04,Environment=Dev;Project=Project8
vol-83a86b23,879,gp2,available,2024-02-08,us-west-2b,87.9,Environment=Dev;Project=Project2
vol-ac5b71a3,905,sc1,available,2024-03-01,ap-southeast-1a,22.62,Environment=Dev;Project=Project5
vol-eabb8096,104,st1,available,2024-08-14,us-west-2b,4.68,Environment=Dev;Project=Project8
vol-8aebefa2,907,gp3,available,2024-07-24,sa-east-1a,72.56,Environment=Dev;Project=Project8
vol-150f13eb,451,io1,available,2024-07-17,sa-east-1a,56.38,Environment=Dev;Project=Project5
vol-d48fa6b3,564,io1,available,2023-12-23,us-west-2b,70.5,Environment=Dev;Project=Project8
vol-1a094917,269,sc1,available,2024-10-11,eu-central-1c,6.73,Environment=Dev;Project=Project9
vol-2f165670,258,sc1,available,2023-11-20,us-east-1a,6.45,Environment=Dev;Project=Project1
vol-50b9f8c4,352,gp3,available,2024-05-08,sa-east-1a,28.16,Environment=Dev;Project=Project1
vol-6e153581,617,gp2,available,2024-09-29,us-east-1a,61.7,Environment=Dev;Project=Project9
vol-0cf03ec1,837,io1,available,2023-12-24,sa-east-1a,104.62,Environment=Dev;Project=Project7
vol-6cf3de88,38,gp3,available,2024-09-08,ap-southeast-1a,3.04,Environment=Dev;Project=Project4
vol-d4e8df0e,70,io1,available,2024-06-06,us-west-2b,8.75,Environment=Dev;Project=Project2
vol-ad1d667a,336,sc1,available,2024-09-06,ap-southeast-1a,8.4,Environment=Dev;Project=Project5
vol-d579e2a5,448,gp2,available,2024-02-26,ap-southeast-1a,44.8,Environment=Dev;Project=Project10
vol-0dbcd5bc,912,sc1,available,2023-11-25,ap-southeast-1a,22.8,Environment=Dev;Project=Project1
vol-f56e87f9,627,sc1,available,2024-11-10,eu-central-1c,15.68,Environment=Dev;Project=Project5
vol-3d3dabd9,459,gp3,available,2023-12-19,us-east-1a,36.72,Environment=Dev;Project=Project10
vol-136078c0,374,gp2,available,2023-12-27,us-west-2b,37.4,Environment=Dev;Project=Project8
vol-b5309500,610,st1,available,2024-01-30,us-west-2b,27.45,Environment=Dev;Project=Project4
vol-70d3614a,129,io1,available,2024-08-06,ap-southeast-1a,16.12,Environment=Dev;Project=Project9
vol-45c346e1,3,sc1,available,2023-12-21,us-west-2b,0.08,Environment=Dev;Project=Project1
vol-578066b8,210,gp3,available,2024-09-27,us-east-1a,16.8,Environment=Dev;Project=Project9
vol-dc3baca9,142,io1,available,2023-11-28,us-east-1a,17.75,Environment=Dev;Project=Project10
vol-9093d257,98,io1,available,2024-01-01,sa-east-1a,12.25,Environment=Dev;Project=Project8
vol-6592f654,908,io1,available,2024-05-07,us-east-1a,113.5,Environment=Dev;Project=Project6
vol-e5dde470,398,gp2,available,2024-01-14,us-west-2b,39.8,Environment=Dev;Project=Project8
vol-e61475ac,132,gp3,available,2024-06-20,sa-east-1a,10.56,Environment=Dev;Project=Project8
vol-2d10b247,698,gp3,available,2024-01-18,us-west-2b,55.84,Environment=Dev;Project=Project6
vol-22449afc,241,sc1,available,2024-04-02,sa-east-1a,6.03,Environment=Dev;Project=Project2
vol-48a5115f,242,sc1,available,2024-02-24,us-east-1a,6.05,Environment=Dev;Project=Project2
vol-8a7afe62,327,io1,available,2024-01-27,sa-east-1a,40.88,Environment=Dev;Project=Project4
vol-aa1d2f72,234,io1,available,2024-10-06,ap-southeast-1a,29.25,Environment=Dev;Project=Project2
vol-aee44697,678,sc1,available,2024-09-26,eu-central-1c,16.95,Environment=Dev;Project=Project5
vol-19f32aa4,588,io1,available,2024-02-18,sa-east-1a,73.5,Environment=Dev;Project=Project4
vol-6404c38d,952,io1,available,2024-01-20,ap-southeast-1a,119.0,Environment=Dev;Project=Project2
vol-e6d3a6b4,171,st1,available,2024-01-20,us-west-2b,7.69,Environment=Dev;Project=Project4
vol-58add688,129,io1,available,2023-11-24,eu-central-1c,16.12,Environment=Dev;Project=Project7
vol-98b8d310,883,gp2,available,2023-12-13,us-west-2b,88.3,Environment=Dev;Project=Project7
vol-a6d2e18b,662,sc1,available,2024-04-18,us-west-2b,16.55,Environment=Dev;Project=Project8
vol-5ab666ca,514,gp2,available,2024-05-05,eu-central-1c,51.4,Environment=Dev;Project=Project10
vol-55512465,697,gp2,available,2024-10-23,sa-east-1a,69.7,Environment=Dev;Project=Project7
vol-0c8264ae,714,gp2,available,2024-05-05,sa-east-1a,71.4,Environment=Dev;Project=Project7
vol-c0a5434d,8,gp2,available,2024-08-17,us-west-2b,0.8,Environment=Dev;Project=Project3
vol-33dff39d,807,sc1,available,2024-04-08,eu-central-1c,20.18,Environment=Dev;Project=Project1
vol-bdbf5eef,229,gp2,available,2024-09-25,us-east-1a,22.9,Environment=Dev;Project=Project8
vol-dbfef88c,123,st1,available,2023-11-29,us-east-1a,5.54,Environment=Dev;Project=Project1
vol-e202e265,714,gp3,available,2024-02-25,us-west-2b,57.12,Environment=Dev;Project=Project8
vol-75ca1e27,770,st1,available,2024-06-07,us-west-2b,34.65,Environment=Dev;Project=Project7
vol-f13e7d20,986,st1,available,2024-09-30,us-east-1a,44.37,Environment=Dev;Project=Project9
vol-980d279f,962,gp2,available,2024-08-27,eu-central-1c,96.2,Environment=Dev;Project=Project9
vol-d0a2458e,547,st1,available,2024-06-19,us-west-2b,24.61,Environment=Dev;Project=Project6
vol-0b28f8ce,236,io1,available,2024-03-05,eu-central-1c,29.5,Environment=Dev;Project=Project3
vol-db828343,890,gp3,available,2023-11-28,sa-east-1a,71.2,Environment=Dev;Project=Project2
vol-337aba82,247,sc1,available,2024-07-21,sa-east-1a,6.18,Environment=Dev;Project=Project2
vol-11d895ac,26,io1,available,2024-05-20,us-east-1a,3.25,Environment=Dev;Project=Project4
vol-997c7a69,685,io1,available,2024-10-29,sa-east-1a,85.62,Environment=Dev;Project=Project5
vol-b39af109,225,gp2,available,2024-05-15,us-west-2b,22.5,Environment=Dev;Project=Project2
vol-d8b5d758,320,sc1,available,2023-12-16,eu-central-1c,8.0,Environment=Dev;Project=Project6
vol-f500cca1,800,gp3,available,2024-09-28,us-east-1a,64.0,Environment=Dev;Project=Project2
vol-65ff58c6,818,gp2,available,2024-08-08,us-east-1a,81.8,Environment=Dev;Project=Project7
vol-37fb0e09,178,gp2,available,2024-03-17,us-west-2b,17.8,Environment=Dev;Project=Project8
vol-7f9fbc98,313,st1,available,2024-05-03,us-east-1a,14.08,Environment=Dev;Project=Project8
vol-98bef467,807,io1,available,2024-07-25,us-west-2b,100.88,Environment=Dev;Project=Project1
vol-7f18bc69,293,sc1,available,2024-04-24,us-west-2b,7.33,Environment=Dev;Project=Project6
vol-70851389,418,st1,available,2023-12-17,sa-east-1a,18.81,Environment=Dev;Project=Project7
vol-6c1cc148,434,io1,available,2024-03-06,sa-east-1a,54.25,Environment=Dev;Project=Project10
vol-56614abc,709,gp3,available,2024-06-11,ap-southeast-1a,56.72,Environment=Dev;Project=Project10
vol-6a92ab29,328,st1,available,2023-12-28,sa-east-1a,14.76,Environment=Dev;Project=Project4
vol-a6da3024,123,gp2,available,2024-08-26,eu-central-1c,12.3,Environment=Dev;Project=Project6
vol-ab5c7967,11,gp2,available,2024-07-19,us-east-1a,1.1,Environment=Dev;Project=Project10
vol-5d1dcd50,575,sc1,available,2024-03-04,sa-east-1a,14.38,Environment=Dev;Project=Project5
vol-09962ab5,551,io1,available,2024-08-05,us-west-2b,68.88,Environment=Dev;Project=Project5
vol-3c24f7cf,445,gp3,available,2024-04-19,ap-southeast-1a,35.6,Environment=Dev;Project=Project5
vol-a56f5302,398,st1,available,2024-05-25,us-east-1a,17.91,Environment=Dev;Project=Project4
vol-110c6ae6,148,st1,available,2024-04-03,eu-central-1c,6.66,Environment=Dev;Project=Project10
vol-b90e99b1,802,io1,available,2023-11-23,us-east-1a,100.25,Environment=Dev;Project=Project3
vol-cdfd0b7f,795,sc1,available,2024-07-02,ap-southeast-1a,19.88,Environment=Dev;Project=Project3
vol-88cea876,473,sc1,available,2024-04-09,sa-east-1a,11.83,Environment=Dev;Project=Project6
vol-e9fff8e2,105,st1,available,2023-11-28,us-west-2b,4.72,Environment=Dev;Project=Project6
vol-a02427ec,545,io1,available,2024-06-17,us-east-1a,68.12,Environment=Dev;Project=Project7
vol-37bbb85f,176,st1,available,2024-01-07,us-west-2b,7.92,Environment=Dev;Project=Project4
vol-fe3a8ab5,86,st1,available,2024-08-27,eu-central-1c,3.87,Environment=Dev;Project=Project8
vol-c29e62bb,246,gp2,available,2024-05-28,us-west-2b,24.6,Environment=Dev;Project=Project2
vol-0053a5be,279,sc1,available,2024-01-07,eu-central-1c,6.98,Environment=Dev;Project=Project6
vol-04398c79,4,gp2,available,2024-02-25,sa-east-1a,0.4,Environment=Dev;Project=Project1
vol-dfa125ec,226,gp2,available,2024-11-12,us-east-1a,22.6,Environment=Dev;Project=Project1
vol-9966234d,549,gp2,available,2024-08-04,us-west-2b,54.9,Environment=Dev;Project=Project3
vol-fd5004ca,819,gp3,available,2024-08-07,ap-southeast-1a,65.52,Environment=Dev;Project=Project6
vol-c97cf74b,698,sc1,available,2024-04-08,ap-southeast-1a,17.45,Environment=Dev;Project=Project4
vol-c3f3a797,504,sc1,available,2024-11-05,us-west-2b,12.6,Environment=Dev;Project=Project5
vol-74abbea9,565,io1,available,2024-05-04,us-east-1a,70.62,Environment=Dev;Project=Project6
vol-d58470cd,901,io1,available,2024-07-10,ap-southeast-1a,112.62,Environment=Dev;Project=Project10
vol-5d004d2b,399,gp2,available,2024-09-28,ap-southeast-1a,39.9,Environment=Dev;Project=Project1
vol-6336891d,258,sc1,available,2024-01-19,sa-east-1a,6.45,Environment=Dev;Project=Project6
vol-54aaea66,167,gp3,available,2024-03-22,ap-southeast-1a,13.36,Environment=Dev;Project=Project4
vol-2e015be4,723,st1,available,2024-10-17,sa-east-1a,32.53,Environment=Dev;Project=Project6
vol-48123f55,12,io1,available,2023-12-11,us-east-1a,1.5,Environment=Dev;Project=Project4
vol-a802bf2a,438,io1,available,2024-07-07,ap-southeast-1a,54.75,Environment=Dev;Project=Project8
vol-6d668a7a,952,gp3,available,2024-05-03,us-east-1a,76.16,Environment=Dev;Project=Project9
vol-8557339b,85,gp3,available,2024-07-04,ap-southeast-1a,6.8,Environment=Dev;Project=Project3
vol-d6a60afd,140,gp2,available,2024-09-04,ap-southeast-1a,14.0,Environment=Dev;Project=Project4
vol-f54ad180,791,io1,available,2024-08-20,us-east-1a,98.88,Environment=Dev;Project=Project4
vol-11e4095f,848,io1,available,2024-11-13,us-west-2b,106.0,Environment=Dev;Project=Project4
vol-9b40a72f,17,io1,available,2024-01-10,ap-southeast-1a,2.12,Environment=Dev;Project=Project8
vol-5a4be789,251,st1,available,2024-01-30,us-east-1a,11.29,Environment=Dev;Project=Project4
vol-fa139136,176,gp3,available,2024-10-09,us-west-2b,14.08,Environment=Dev;Project=Project10
vol-9ea2f89c,19,gp3,available,2024-02-19,ap-southeast-1a,1.52,Environment=Dev;Project=Project7
vol-b5e0f598,254,io1,available,2024-09-01,ap-southeast-1a,31.75,Environment=Dev;Project=Project10
vol-c5f5578a,75,sc1,available,2024-04-27,us-west-2b,1.88,Environment=Dev;Project=Project4
vol-6dcebb17,396,sc1,available,2024-01-28,ap-southeast-1a,9.9,Environment=Dev;Project=Project3
vol-5a9504cb,73,gp2,available,2023-12-15,us-west-2b,7.3,Environment=Dev;Project=Project9
vol-6c7e8922,171,gp2,available,2024-06-14,us-east-1a,17.1,Environment=Dev;Project=Project6
vol-9851fc32,314,sc1,available,2024-10-28,ap-southeast-1a,7.85,Environment=Dev;Project=Project10
vol-5228401b,183,gp3,available,2024-08-05,eu-central-1c,14.64,Environment=Dev;Project=Project2
vol-0ffe1a2d,254,io1,available,2024-10-26,us-west-2b,31.75,Environment=Dev;Project=Project3
vol-51b65337,767,gp3,available,2024-06-14,ap-southeast-1a,61.36,Environment=Dev;Project=Project7
vol-0c005a8e,171,st1,available,2024-06-09,eu-central-1c,7.69,Environment=Dev;Project=Project7
vol-e49f2568,244,sc1,available,2024-09-10,sa-east-1a,6.1,Environment=Dev;Project=Project8
vol-91884a70,859,io1,available,2024-03-02,sa-east-1a,107.38,Environment=Dev;Project=Project4
vol-a641e61e,23,sc1,available,2024-09-27,sa-east-1a,0.58,Environment=Dev;Project=Project2
vol-72d24e1c,915,io1,available,2024-09-06,us-west-2b,114.38,Environment=Dev;Project=Project7
vol-bc8459f5,614,io1,available,2024-10-30,us-west-2b,76.75,Environment=Dev;Project=Project3
vol-3d8b3c18,871,gp3,available,2024-09-30,us-west-2b,69.68,Environment=Dev;Project=Project9
vol-e40e424f,326,sc1,available,2024-09-01,sa-east-1a,8.15,Environment=Dev;Project=Project1
vol-7f7a8332,446,gp3,available,2023-11-26,eu-central-1c,35.68,Environment=Dev;Project=Project10
vol-97cbfe54,780,gp2,available,2024-10-06,us-west-2b,78.0,Environment=Dev;Project=Project10
vol-3ee5e84c,899,io1,available,2023-11-18,eu-central-1c,112.38,Environment=Dev;Project=Project4
vol-2a18ab91,165,sc1,available,2024-03-02,sa-east-1a,4.12,Environment=Dev;Project=Project5
vol-d114ddce,678,io1,available,2024-11-06,us-east-1a,84.75,Environment=Dev;Project=Project8
vol-771cddbb,951,st1,available,2024-08-12,us-west-2b,42.8,Environment=Dev;Project=Project2
vol-e30c9332,318,st1,available,2024-07-17,eu-central-1c,14.31,Environment=Dev;Project=Project8
vol-3cec9251,914,gp3,available,2024-09-10,sa-east-1a,73.12,Environment=Dev;Project=Project4
vol-744586ea,755,io1,available,2024-05-07,sa-east-1a,94.38,Environment=Dev;Project=Project3
vol-a5a1320f,154,sc1,available,2024-01-18,us-west-2b,3.85,Environment=Dev;Project=Project9
vol-4b38d8c4,199,gp3,available,2024-01-22,ap-southeast-1a,15.92,Environment=Dev;Project=Project6
vol-764d5cb5,942,io1,available,2024-05-21,sa-east-1a,117.75,Environment=Dev;Project=Project7
vol-ccd6e7d9,970,io1,available,2024-01-28,sa-east-1a,121.25,Environment=Dev;Project=Project1
vol-5624d9a6,569,sc1,available,2024-03-31,us-east-1a,14.23,Environment=Dev;Project=Project10
vol-06b3a2de,783,io1,available,2024-07-16,us-east-1a,97.88,Environment=Dev;Project=Project8
vol-bd9f6822,412,gp2,available,2024-03-08,us-west-2b,41.2,Environment=Dev;Project=Project7
vol-1d104717,713,gp2,available,2023-11-29,sa-east-1a,71.3,Environment=Dev;Project=Project1
vol-4b15cad3,420,io1,available,2024-04-13,eu-central-1c,52.5,Environment=Dev;Project=Project2
vol-6ec597e4,637,sc1,available,2024-07-26,us-west-2b,15.93,Environment=Dev;Project=Project3
vol-3d59fdad,842,st1,available,2024-09-01,us-west-2b,37.89,Environment=Dev;Project=Project9
vol-b421898d,738,sc1,available,2024-07-17,us-west-2b,18.45,Environment=Dev;Project=Project7
vol-9822324c,845,st1,available,2024-10-01,us-east-1a,38.02,Environment=Dev;Project=Project10
vol-c4d4e6dd,597,st1,available,2024-07-12,sa-east-1a,26.86,Environment=Dev;Project=Project4
vol-62967036,69,gp2,available,2023-11-22,eu-central-1c,6.9,Environment=Dev;Project=Project9
vol-1f6480fb,519,io1,available,2024-05-17,eu-central-1c,64.88,Environment=Dev;Project=Project7
vol-b53e5c2f,918,gp2,available,2024-08-23,us-west-2b,91.8,Environment=Dev;Project=Project4
vol-1d3ca236,302,sc1,available,2023-12-15,us-east-1a,7.55,Environment=Dev;Project=Project8
vol-8755cb93,76,gp2,available,2024-01-18,eu-central-1c,7.6,Environment=Dev;Project=Project6
vol-59e322c3,766,io1,available,2024-05-13,eu-central-1c,95.75,Environment=Dev;Project=Project6
vol-360eb41e,837,io1,available,2023-11-23,us-east-1a,104.62,Environment=Dev;Project=Project1
vol-f609ea1a,162,sc1,available,2024-09-21,ap-southeast-1a,4.05,Environment=Dev;Project=Project1
vol-80955d88,640,st1,available,2024-07-07,us-west-2b,28.8,Environment=Dev;Project=Project9
vol-73ae1292,959,gp3,available,2024-02-10,eu-central-1c,76.72,Environment=Dev;Project=Project1
vol-e9373443,918,io1,available,2024-06-01,us-west-2b,114.75,Environment=Dev;Project=Project8
vol-fceee884,819,st1,available,2023-12-18,us-east-1a,36.85,Environment=Dev;Project=Project6
vol-7f55ded2,188,st1,available,2024-05-25,ap-southeast-1a,8.46,Environment=Dev;Project=Project3
vol-e4955f32,989,st1,available,2024-10-28,eu-central-1c,44.5,Environment=Dev;Project=Project7
vol-3168bb11,489,st1,available,2024-06-22,us-west-2b,22.0,Environment=Dev;Project=Project8
vol-d7af2736,158,sc1,available,2024-05-03,ap-southeast-1a,3.95,Environment=Dev;Project=Project8
vol-92821799,226,sc1,available,2024-11-10,ap-southeast-1a,5.65,Environment=Dev;Project=Project4
vol-69b36093,920,st1,available,2024-05-19,us-east-1a,41.4,Environment=Dev;Project=Project4
vol-ee28edec,290,sc1,available,2024-08-30,ap-southeast-1a,7.25,Environment=Dev;Project=Project9
vol-81164411,135,io1,available,2024-02-06,us-east-1a,16.88,Environment=Dev;Project=Project7
vol-8c1b5c64,752,gp3,available,2024-09-02,us-east-1a,60.16,Environment=Dev;Project=Project8
vol-ee2443bb,394,gp2,available,2024-10-26,us-east-1a,39.4,Environment=Dev;Project=Project5
vol-923c32fb,820,gp2,available,2024-06-10,eu-central-1c,82.0,Environment=Dev;Project=Project7
vol-af3d4eaf,186,gp3,available,2024-03-09,us-west-2b,14.88,Environment=Dev;Project=Project6
vol-a1b4f7c1,20,io1,available,2024-10-20,sa-east-1a,2.5,Environment=Dev;Project=Project3
vol-92dd311e,207,gp2,available,2024-04-10,sa-east-1a,20.7,Environment=Dev;Project=Project1
vol-ff4e6e97,504,st1,available,2024-04-30,us-west-2b,22.68,Environment=Dev;Project=Project1
vol-c54291ed,875,sc1,available,2024-03-06,eu-central-1c,21.88,Environment=Dev;Project=Project8
vol-d0cb42d7,621,gp3,available,2024-05-29,us-west-2b,49.68,Environment=Dev;Project=Project1
vol-67d1ea8c,36,sc1,available,2024-11-13,ap-southeast-1a,0.9,Environment=Dev;Project=Project8
vol-4ecea7a7,794,gp2,available,2024-02-14,sa-east-1a,79.4,Environment=Dev;Project=Project1
vol-7ac02efd,198,gp2,available,2024-06-07,eu-central-1c,19.8,Environment=Dev;Project=Project4
vol-393844d7,413,sc1,available,2024-02-20,eu-central-1c,10.33,Environment=Dev;Project=Project5
vol-8b7c2127,100,gp3,available,2024-09-04,sa-east-1a,8.0,Environment=Dev;Project=Project9
vol-87851109,811,gp2,available,2024-03-17,eu-central-1c,81.1,Environment=Dev;Project=Project7
vol-5600827d,261,st1,available,2024-02-10,ap-southeast-1a,11.74,Environment=Dev;Project=Project2
vol-6d94abb6,346,gp3,available,2024-08-15,sa-east-1a,27.68,Environment=Dev;Project=Project9
vol-d36b7503,500,io1,available,2024-11-07,eu-central-1c,62.5,Environment=Dev;Project=Project4
vol-4de62863,727,gp3,available,2024-02-03,us-west-2b,58.16,Environment=Dev;Project=Project9
vol-08f7a660,835,sc1,available,2024-08-30,sa-east-1a,20.88,Environment=Dev;Project=Project5
vol-57685b6b,743,sc1,available,2023-12-03,sa-east-1a,18.57,Environment=Dev;Project=Project7
vol-809ce326,783,st1,available,2024-03-20,sa-east-1a,35.23,Environment=Dev;Project=Project5
vol-58f71ce9,94,gp2,available,2024-11-01,sa-east-1a,9.4,Environment=Dev;Project=Project9
vol-201a4336,45,st1,available,2024-02-15,us-west-2b,2.02,Environment=Dev;Project=Project6
vol-8c043f5e,575,io1,available,2024-06-26,ap-southeast-1a,71.88,Environment=Dev;Project=Project7
vol-20da7f1c,199,io1,available,2024-08-30,eu-central-1c,24.88,Environment=Dev;Project=Project1
vol-47e4798e,502,st1,available,2024-05-26,eu-central-1c,22.59,Environment=Dev;Project=Project2
vol-32409325,597,st1,available,2024-07-28,sa-east-1a,26.86,Environment=Dev;Project=Project8
vol-6d49d421,83,gp2,available,2024-05-19,us-west-2b,8.3,Environment=Dev;Project=Project6
vol-b019fb16,468,gp2,available,2024-09-30,us-west-2b,46.8,Environment=Dev;Project=Project10
vol-f2832c53,359,sc1,available,2024-07-21,eu-central-1c,8.97,Environment=Dev;Project=Project1
vol-e1f4a598,498,gp3,available,2024-03-08,us-west-2b,39.84,Environment=Dev;Project=Project3
vol-b8722381,694,st1,available,2024-08-14,us-west-2b,31.23,Environment=Dev;Project=Project3
vol-933bce60,297,io1,available,2024-03-01,sa-east-1a,37.12,Environment=Dev;Project=Project1
vol-0ecd5c9d,642,io1,available,2024-02-28,eu-central-1c,80.25,Environment=Dev;Project=Project9
vol-8dc464eb,869,sc1,available,2024-08-08,ap-southeast-1a,21.73,Environment=Dev;Project=Project3
vol-2a8a08cb,710,gp2,available,2024-08-26,eu-central-1c,71.0,Environment=Dev;Project=Project1
vol-9122c5f9,673,sc1,available,2024-09-13,us-west-2b,16.82,Environment=Dev;Project=Project2
vol-413bdb55,203,sc1,available,2024-10-11,eu-central-1c,5.08,Environment=Dev;Project=Project8
vol-488485fd,110,gp3,available,2024-10-23,eu-central-1c,8.8,Environment=Dev;Project=Project3
vol-5360a24c,698,gp3,available,2024-10-26,ap-southeast-1a,55.84,Environment=Dev;Project=Project2
vol-07bf356c,885,gp2,available,2024-09-12,sa-east-1a,88.5,Environment=Dev;Project=Project9
vol-ad33d8b6,390,st1,available,2024-02-21,ap-southeast-1a,17.55,Environment=Dev;Project=Project8
vol-b364c985,335,io1,available,2023-12-18,sa-east-1a,41.88,Environment=Dev;Project=Project1
vol-87095a0f,575,gp3,available,2024-02-14,ap-southeast-1a,46.0,Environment=Dev;Project=Project3
vol-5e14123c,513,gp3,available,2023-12-30,eu-central-1c,41.04,Environment=Dev;Project=Project7
vol-32c0a423,676,gp2,available,2023-12-13,us-east-1a,67.6,Environment=Dev;Project=Project3
vol-cb3d86e1,328,st1,available,2024-04-09,us-west-2b,14.76,Environment=Dev;Project=Project7
vol-77f9cbfa,100,gp3,available,2023-12-21,sa-east-1a,8.0,Environment=Dev;Project=Project8
vol-16e506cf,55,st1,available,2024-06-13,ap-southeast-1a,2.48,Environment=Dev;Project=Project5
vol-6496ab3d,628,sc1,available,2024-01-06,us-west-2b,15.7,Environment=Dev;Project=Project3
vol-ee3452d7,310,sc1,available,2024-10-28,eu-central-1c,7.75,Environment=Dev;Project=Project3
vol-2bc30cb0,28,gp3,available,2024-08-13,eu-central-1c,2.24,Environment=Dev;Project=Project9
vol-f35ab196,795,st1,available,2024-07-26,ap-southeast-1a,35.77,Environment=Dev;Project=Project1
vol-40a0840b,593,gp2,available,2024-05-10,eu-central-1c,59.3,Environment=Dev;Project=Project2
vol-784ec49c,808,io1,available,2024-01-02,eu-central-1c,101.0,Environment=Dev;Project=Project5
vol-12f57e66,769,gp2,available,2024-07-28,sa-east-1a,76.9,Environment=Dev;Project=Project7
vol-f676d13f,864,gp2,available,2024-01-19,eu-central-1c,86.4,Environment=Dev;Project=Project2
vol-46dab822,550,gp3,available,2024-04-08,us-east-1a,44.0,Environment=Dev;Project=Project7
vol-d5edc494,886,io1,available,2024-09-27,us-east-1a,110.75,Environment=Dev;Project=Project9
vol-496ce0d5,794,gp3,available,2024-05-31,us-west-2b,63.52,Environment=Dev;Project=Project2
vol-39031f3a,103,gp2,available,2024-05-11,eu-central-1c,10.3,Environment=Dev;Project=Project9
vol-58dc8660,339,st1,available,2024-05-14,us-west-2b,15.25,Environment=Dev;Project=Project1
vol-e87a006e,757,sc1,available,2024-09-15,us-east-1a,18.93,Environment=Dev;Project=Project1
vol-e11f40db,448,gp2,available,2024-06-29,eu-central-1c,44.8,Environment=Dev;Project=Project2
vol-f2bc97ca,236,io1,available,2024-08-18,eu-central-1c,29.5,Environment=Dev;Project=Project9
vol-ab0d4b7a,169,io1,available,2024-02-06,eu-central-1c,21.12,Environment=Dev;Project=Project7
vol-04e1fb3f,503,st1,available,2023-12-21,ap-southeast-1a,22.63,Environment=Dev;Project=Project8
vol-f9f5bfa8,714,sc1,available,2024-04-25,ap-southeast-1a,17.85,Environment=Dev;Project=Project10
vol-154e55a0,660,gp3,available,2024-08-09,eu-central-1c,52.8,Environment=Dev;Project=Project10
vol-c4decf99,760,gp2,available,2024-07-07,us-west-2b,76.0,Environment=Dev;Project=Project10
vol-e645e47f,105,gp3,available,2024-01-16,sa-east-1a,8.4,Environment=Dev;Project=Project4
vol-f4ba1430,665,gp3,available,2024-05-25,sa-east-1a,53.2,Environment=Dev;Project=Project7
vol-309130a3,814,st1,available,2024-05-27,sa-east-1a,36.63,Environment=Dev;Project=Project3
vol-aaf46929,718,io1,available,2024-10-01,us-east-1a,89.75,Environment=Dev;Project=Project5
vol-e03f0833,214,io1,available,2024-11-01,us-west-2b,26.75,Environment=Dev;Project=Project6
vol-2bb99e52,167,io1,available,2023-11-27,us-east-1a,20.88,Environment=Dev;Project=Project2
vol-6319d1bb,364,gp3,available,2024-05-04,sa-east-1a,29.12,Environment=Dev;Project=Project7
vol-b0441af0,86,st1,available,2024-06-06,us-east-1a,3.87,Environment=Dev;Project=Project8
vol-4a56ed3e,508,sc1,available,2024-01-13,us-east-1a,12.7,Environment=Dev;Project=Project10
vol-4074422a,245,st1,available,2024-05-23,eu-central-1c,11.03,Environment=Dev;Project=Project9
vol-0b709b28,891,io1,available,2024-02-03,eu-central-1c,111.38,Environment=Dev;Project=Project7
vol-abcd5157,841,gp3,available,2024-09-14,us-west-2b,67.28,Environment=Dev;Project=Project5
vol-e94f3a9d,45,gp2,available,2023-12-28,ap-southeast-1a,4.5,Environment=Dev;Project=Project6
vol-029a300c,683,gp2,available,2024-08-27,eu-central-1c,68.3,Environment=Dev;Project=Project7
vol-bfa466dd,958,gp3,available,2024-05-25,us-west-2b,76.64,Environment=Dev;Project=Project2
vol-ab5dc019,883,sc1,available,2024-01-31,us-west-2b,22.08,Environment=Dev;Project=Project8
vol-8447d804,86,sc1,available,2024-02-17,us-west-2b,2.15,Environment=Dev;Project=Project4
vol-dead751c,813,io1,available,2024-06-26,us-east-1a,101.62,Environment=Dev;Project=Project7
vol-900e2234,898,sc1,available,2024-02-06,sa-east-1a,22.45,Environment=Dev;Project=Project8
vol-7f79c9e7,83,st1,available,2024-11-09,sa-east-1a,3.73,Environment=Dev;Project=Project2
vol-ddf048bb,360,sc1,available,2024-08-22,ap-southeast-1a,9.0,Environment=Dev;Project=Project5
vol-ab82b76f,855,gp3,available,2024-08-13,eu-central-1c,68.4,Environment=Dev;Project=Project9
vol-582cb8c9,206,st1,available,2023-12-21,eu-central-1c,9.27,Environment=Dev;Project=Project1
vol-825440b1,306,st1,available,2024-10-20,eu-central-1c,13.77,Environment=Dev;Project=Project7
vol-a0997a50,654,st1,available,2024-04-06,us-east-1a,29.43,Environment=Dev;Project=Project6
vol-3ca343ec,825,gp3,available,2024-03-01,us-west-2b,66.0,Environment=Dev;Project=Project1
vol-7059e8a7,789,gp3,available,2024-04-08,sa-east-1a,63.12,Environment=Dev;Project=Project7
vol-48c9edb1,480,sc1,available,2024-05-08,us-west-2b,12.0,Environment=Dev;Project=Project1
vol-4ea416f9,290,gp3,available,2024-07-23,us-east-1a,23.2,Environment=Dev;Project=Project3
vol-dd31bce3,937,gp3,available,2023-12-17,us-west-2b,74.96,Environment=Dev;Project=Project10
vol-8eecd976,302,gp3,available,2024-02-12,sa-east-1a,24.16,Environment=Dev;Project=Project10
vol-c0d6aba2,642,gp3,available,2024-07-01,sa-east-1a,51.36,Environment=Dev;Project=Project9
vol-5726153a,772,gp3,available,2024-02-22,us-west-2b,61.76,Environment=Dev;Project=Project4
vol-0f429a21,339,gp3,available,2024-08-27,ap-southeast-1a,27.12,Environment=Dev;Project=Project6
vol-34c8f97f,54,gp2,available,2023-12-21,ap-southeast-1a,5.4,Environment=Dev;Project=Project4
vol-535170a8,771,gp2,available,2023-12-14,eu-central-1c,77.1,Environment=Dev;Project=Project3
vol-4d400bf5,707,gp3,available,2024-02-18,ap-southeast-1a,56.56,Environment=Dev;Project=Project7
vol-bfbaff02,1,sc1,available,2024-09-23,eu-central-1c,0.03,Environment=Dev;Project=Project9
vol-ddd2b189,420,sc1,available,2024-02-26,sa-east-1a,10.5,Environment=Dev;Project=Project10
vol-65a3268b,430,sc1,available,2024-04-18,ap-southeast-1a,10.75,Environment=Dev;Project=Project2
vol-c6115d4f,132,sc1,available,2024-07-25,ap-southeast-1a,3.3,Environment=Dev;Project=Project6
vol-f6301237,309,gp3,available,2024-07-16,us-west-2b,24.72,Environment=Dev;Project=Project6
vol-c5eff7a6,965,st1,available,2024-07-30,us-west-2b,43.42,Environment=Dev;Project=Project10
vol-f075ab8a,121,gp3,available,2024-07-12,sa-east-1a,9.68,Environment=Dev;Project=Project2
vol-47380947,5,gp2,available,2024-08-19,us-east-1a,0.5,Environment=Dev;Project=Project10
vol-6febeaf6,698,gp2,available,2024-08-28,sa-east-1a,69.8,Environment=Dev;Project=Project5
vol-9986a7db,678,gp3,available,2024-04-23,ap-southeast-1a,54.24,Environment=Dev;Project=Project1
vol-813025aa,61,gp2,available,2024-07-19,ap-southeast-1a,6.1,Environment=Dev;Project=Project1
vol-7018a655,125,io1,available,2024-03-08,ap-southeast-1a,15.62,Environment=Dev;Project=Project8
vol-14358dd0,326,gp3,available,2024-08-16,sa-east-1a,26.08,Environment=Dev;Project=Project10
vol-3314c7c1,849,io1,available,2024-11-05,us-east-1a,106.12,Environment=Dev;Project=Project1
vol-f12de070,317,io1,available,2024-07-17,eu-central-1c,39.62,Environment=Dev;Project=Project5
vol-48b01642,735,gp3,available,2024-07-05,sa-east-1a,58.8,Environment=Dev;Project=Project8
vol-ee979cc5,345,gp3,available,2024-01-18,us-east-1a,27.6,Environment=Dev;Project=Project3
vol-fa42b35a,283,gp3,available,2024-09-09,ap-southeast-1a,22.64,Environment=Dev;Project=Project5
vol-45e36967,542,sc1,available,2024-03-06,eu-central-1c,13.55,Environment=Dev;Project=Project4
vol-e86431ca,20,gp2,available,2024-06-30,ap-southeast-1a,2.0,Environment=Dev;Project=Project9
vol-9a8dfc81,861,gp3,available,2023-11-28,us-east-1a,68.88,Environment=Dev;Project=Project9
vol-73351859,321,io1,available,2024-02-06,sa-east-1a,40.12,Environment=Dev;Project=Project3
vol-2bf3e43e,187,gp2,available,2023-12-12,us-west-2b,18.7,Environment=Dev;Project=Project2
vol-0c41a6ec,870,gp2,available,2024-10-07,us-west-2b,87.0,Environment=Dev;Project=Project8
vol-66296c0f,597,gp3,available,2024-02-13,us-west-2b,47.76,Environment=Dev;Project=Project1
vol-788b9794,732,gp2,available,2024-06-23,ap-southeast-1a,73.2,Environment=Dev;Project=Project8
vol-ecb4ff4f,846,io1,available,2024-05-31,us-east-1a,105.75,Environment=Dev;Project=Project10
vol-505ebb73,405,gp2,available,2023-12-21,us-west-2b,40.5,Environment=Dev;Project=Project3
vol-e4da2703,430,st1,available,2024-02-28,ap-southeast-1a,19.35,Environment=Dev;Project=Project5
vol-1a9f9d65,484,gp3,available,2024-07-11,eu-central-1c,38.72,Environment=Dev;Project=Project8
vol-668b2c25,438,gp2,available,2024-01-15,sa-east-1a,43.8,Environment=Dev;Project=Project5
vol-19b54f43,302,gp3,available,2023-12-29,ap-southeast-1a,24.16,Environment=Dev;Project=Project2
vol-e9ae135c,675,gp2,available,2024-09-11,sa-east-1a,67.5,Environment=Dev;Project=Project8
vol-502f6e39,137,st1,available,2024-09-16,sa-east-1a,6.17,Environment=Dev;Project=Project5
vol-4ce3fbb1,751,io1,available,2024-03-18,us-west-2b,93.88,Environment=Dev;Project=Project3
vol-9f8e365c,136,gp3,available,2024-02-01,us-east-1a,10.88,Environment=Dev;Project=Project9
vol-292d8d9b,830,gp3,available,2024-01-18,us-east-1a,66.4,Environment=Dev;Project=Project8
vol-6da39794,565,sc1,available,2024-06-04,ap-southeast-1a,14.12,Environment=Dev;Project=Project3
vol-83924dcc,388,io1,available,2024-01-08,ap-southeast-1a,48.5,Environment=Dev;Project=Project2
vol-5838f04d,171,io1,available,2024-02-28,us-east-1a,21.38,Environment=Dev;Project=Project6
vol-84f9bca0,985,io1,available,2024-10-19,eu-central-1c,123.12,Environment=Dev;Project=Project10
vol-6c79fe0b,635,io1,available,2024-07-06,eu-central-1c,79.38,Environment=Dev;Project=Project5
vol-b59a9de4,413,sc1,available,2024-02-23,ap-southeast-1a,10.33,Environment=Dev;Project=Project9
vol-1cc51e59,847,sc1,available,2024-10-27,us-east-1a,21.18,Environment=Dev;Project=Project2
vol-227aca47,723,gp2,available,2024-01-03,sa-east-1a,72.3,Environment=Dev;Project=Project3
vol-d4414783,842,st1,available,2024-01-09,us-west-2b,37.89,Environment=Dev;Project=Project10
vol-b9befdcf,28,sc1,available,2024-10-28,sa-east-1a,0.7,Environment=Dev;Project=Project10
vol-2ec9b0b8,458,sc1,available,2024-09-10,eu-central-1c,11.45,Environment=Dev;Project=Project9
vol-bc3da311,928,io1,available,2024-08-22,eu-central-1c,116.0,Environment=Dev;Project=Project6
vol-f4d49f8b,281,sc1,available,2024-09-19,eu-central-1c,7.03,Environment=Dev;Project=Project9
vol-62eb5307,577,sc1,available,2024-04-07,us-east-1a,14.43,Environment=Dev;Project=Project3
vol-035f925a,262,io1,available,2024-07-05,us-east-1a,32.75,Environment=Dev;Project=Project3
vol-a29ff6ef,558,io1,available,2024-06-26,us-east-1a,69.75,Environment=Dev;Project=Project5
vol-d677ef40,806,sc1,available,2024-06-27,ap-southeast-1a,20.15,Environment=Dev;Project=Project3
vol-e67db5ba,126,io1,available,2024-03-26,us-east-1a,15.75,Environment=Dev;Project=Project4
vol-e1a6d9bf,661,gp3,available,2024-05-23,us-east-1a,52.88,Environment=Dev;Project=Project6
vol-12aae807,530,sc1,available,2024-04-21,us-west-2b,13.25,Environment=Dev;Project=Project9
vol-dfdf2d96,44,io1,available,2024-06-01,us-east-1a,5.5,Environment=Dev;Project=Project7
vol-94ae5ab1,208,sc1,available,2024-04-22,sa-east-1a,5.2,Environment=Dev;Project=Project7
vol-ca1a878d,906,gp2,available,2024-08-29,us-east-1a,90.6,Environment=Dev;Project=Project5
vol-d060af8b,358,sc1,available,2024-05-14,eu-central-1c,8.95,Environment=Dev;Project=Project4
vol-08764fc8,383,st1,available,2024-09-03,sa-east-1a,17.23,Environment=Dev;Project=Project9
vol-1f39d7bd,97,st1,available,2024-02-12,eu-central-1c,4.37,Environment=Dev;Project=Project3
vol-38175f0c,344,gp3,available,2024-04-04,eu-central-1c,27.52,Environment=Dev;Project=Project3
vol-fbc285ea,363,io1,available,2024-10-15,ap-southeast-1a,45.38,Environment=Dev;Project=Project8
vol-bd7fa4dc,638,io1,available,2024-01-21,ap-southeast-1a,79.75,Environment=Dev;Project=Project4
vol-b4df4c13,860,gp2,available,2023-11-30,us-west-2b,86.0,Environment=Dev;Project=Project5
vol-aad5bc93,427,io1,available,2024-03-24,eu-central-1c,53.38,Environment=Dev;Project=Project9
vol-37cd4d6d,184,st1,available,2024-06-06,us-east-1a,8.28,Environment=Dev;Project=Project8
vol-d22dfa3d,741,gp2,available,2023-12-01,us-east-1a,74.1,Environment=Dev;Project=Project5
vol-eefe7300,571,gp3,available,2024-04-09,us-east-1a,45.68,Environment=Dev;Project=Project3
vol-407d3c0d,477,gp3,available,2024-09-15,us-east-1a,38.16,Environment=Dev;Project=Project5
vol-b8191327,871,io1,available,2023-11-26,ap-southeast-1a,108.88,Environment=Dev;Project=Project3
vol-6db04ef3,845,sc1,available,2024-04-22,us-east-1a,21.12,Environment=Dev;Project=Project5
vol-500bd342,2,st1,available,2024-04-20,sa-east-1a,0.09,Environment=Dev;Project=Project3
vol-21c9672e,329,gp3,available,2024-01-04,us-east-1a,26.32,Environment=Dev;Project=Project2
vol-a03330de,86,io1,available,2023-12-30,eu-central-1c,10.75,Environment=Dev;Project=Project8
vol-1629a45a,727,io1,available,2024-04-03,us-east-1a,90.88,Environment=Dev;Project=Project6
vol-cb988d4d,640,gp3,available,2024-07-26,us-west-2b,51.2,Environment=Dev;Project=Project10
vol-49e62280,662,io1,available,2024-10-01,us-east-1a,82.75,Environment=Dev;Project=Project9
vol-0b595f85,636,st1,available,2024-11-13,us-west-2b,28.62,Environment=Dev;Project=Project1
vol-e6b89bd8,994,gp3,available,2024-08-30,us-east-1a,79.52,Environment=Dev;Project=Project7
vol-e14ca1b9,376,io1,available,2024-08-20,us-east-1a,47.0,Environment=Dev;Project=Project10
vol-94f7f293,609,gp3,available,2024-10-17,ap-southeast-1a,48.72,Environment=Dev;Project=Project6
vol-ff9520cb,577,gp2,available,2024-07-12,us-east-1a,57.7,Environment=Dev;Project=Project2
vol-42f86a29,455,sc1,available,2024-09-06,ap-southeast-1a,11.38,Environment=Dev;Project=Project4
vol-d339c446,319,gp2,available,2024-07-01,ap-southeast-1a,31.9,Environment=Dev;Project=Project1
vol-757a6ec2,29,gp2,available,2024-08-07,sa-east-1a,2.9,Environment=Dev;Project=Project6
vol-043188a1,677,sc1,available,2024-02-04,ap-southeast-1a,16.93,Environment=Dev;Project=Project5
vol-fe5c1801,645,gp2,available,2024-11-12,us-east-1a,64.5,Environment=Dev;Project=Project6
vol-3e629b38,344,io1,available,2024-09-30,sa-east-1a,43.0,Environment=Dev;Project=Project3
vol-861a7cb0,432,sc1,available,2024-11-01,sa-east-1a,10.8,Environment=Dev;Project=Project6
vol-b0c03246,84,gp3,available,2024-06-10,us-east-1a,6.72,Environment=Dev;Project=Project10
vol-a5060984,331,io1,available,2024-03-18,us-east-1a,41.38,Environment=Dev;Project=Project10
vol-356e19e6,452,io1,available,2024-08-21,us-west-2b,56.5,Environment=Dev;Project=Project3
vol-d2518500,466,gp3,available,2024-03-22,sa-east-1a,37.28,Environment=Dev;Project=Project1
vol-d52f63f3,612,gp3,available,2024-08-01,sa-east-1a,48.96,Environment=Dev;Project=Project5
vol-669a3f36,427,sc1,available,2023-12-04,us-east-1a,10.68,Environment=Dev;Project=Project3
vol-fbaf7e5d,560,sc1,available,2024-05-10,us-east-1a,14.0,Environment=Dev;Project=Project5
vol-5f0c4594,974,sc1,available,2024-04-16,eu-central-1c,24.35,Environment=Dev;Project=Project9
vol-64372ea7,592,io1,available,2024-11-13,us-west-2b,74.0,Environment=Dev;Project=Project8
vol-e4a4dede,757,st1,available,2024-10-31,ap-southeast-1a,34.06,Environment=Dev;Project=Project1
vol-85017297,651,st1,available,2024-09-03,eu-central-1c,29.29,Environment=Dev;Project=Project4
vol-417eddd5,827,st1,available,2024-07-31,us-west-2b,37.21,Environment=Dev;Project=Project5
vol-abf1bdab,613,gp3,available,2023-12-29,eu-central-1c,49.04,Environment=Dev;Project=Project3
vol-63e5b36a,614,gp3,available,2024-06-01,us-west-2b,49.12,Environment=Dev;Project=Project2
vol-45e55bc5,877,sc1,available,2024-09-09,sa-east-1a,21.93,Environment=Dev;Project=Project4
vol-a108cf54,991,gp2,available,2023-11-22,us-east-1a,99.1,Environment=Dev;Project=Project1
vol-721fd6ea,883,st1,available,2024-09-04,eu-central-1c,39.73,Environment=Dev;Project=Project1
vol-ef4a4343,688,gp3,available,2024-06-25,sa-east-1a,55.04,Environment=Dev;Project=Project4
vol-ee630385,160,io1,available,2024-06-15,eu-central-1c,20.0,Environment=Dev;Project=Project2
vol-88e025a1,582,sc1,available,2024-05-14,ap-southeast-1a,14.55,Environment=Dev;Project=Project5
vol-a162b509,693,gp2,available,2024-06-22,eu-central-1c,69.3,Environment=Dev;Project=Project3
vol-2361026f,637,gp3,available,2024-10-15,sa-east-1a,50.96,Environment=Dev;Project=Project8
vol-40ee3021,522,sc1,available,2024-05-28,sa-east-1a,13.05,Environment=Dev;Project=Project7
vol-5fabae5b,574,io1,available,2024-08-08,sa-east-1a,71.75,Environment=Dev;Project=Project4
vol-9decd46c,438,io1,available,2024-10-12,us-east-1a,54.75,Environment=Dev;Project=Project5
vol-e75735ec,180,gp3,available,2024-07-26,eu-central-1c,14.4,Environment=Dev;Project=Project7
vol-74472af0,909,sc1,available,2023-12-16,us-east-1a,22.73,Environment=Dev;Project=Project5
vol-5217179f,66,gp3,available,2024-05-21,eu-central-1c,5.28,Environment=Dev;Project=Project8
vol-5452566b,280,gp2,available,2024-10-27,us-east-1a,28.0,Environment=Dev;Project=Project2
vol-eb4ae02a,584,gp2,available,2024-08-31,us-west-2b,58.4,Environment=Dev;Project=Project10
vol-1ea8f324,175,sc1,available,2024-10-08,ap-southeast-1a,4.38,Environment=Dev;Project=Project5
vol-69bac461,821,gp3,available,2024-05-16,sa-east-1a,65.68,Environment=Dev;Project=Project5
vol-b2e9882b,99,sc1,available,2024-09-07,ap-southeast-1a,2.48,Environment=Dev;Project=Project3
vol-94408440,295,sc1,available,2023-12-05,us-east-1a,7.38,Environment=Dev;Project=Project5
vol-d49f7577,67,io1,available,2024-02-24,ap-southeast-1a,8.38,Environment=Dev;Project=Project1
vol-31c05f0a,695,gp3,available,2024-08-26,us-west-2b,55.6,Environment=Dev;Project=Project1
vol-f619fb73,324,gp3,available,2024-02-27,sa-east-1a,25.92,Environment=Dev;Project=Project5
vol-bf848afc,270,gp3,available,2024-08-05,us-west-2b,21.6,Environment=Dev;Project=Project1
vol-88c1ef3d,915,st1,available,2024-01-19,sa-east-1a,41.17,Environment=Dev;Project=Project2
vol-d2cc12d0,947,sc1,available,2024-05-10,eu-central-1c,23.68,Environment=Dev;Project=Project5
vol-cae2dcf8,580,io1,available,2024-03-26,us-west-2b,72.5,Environment=Dev;Project=Project1
vol-c169a107,803,gp2,available,2024-10-20,ap-southeast-1a,80.3,Environment=Dev;Project=Project4
vol-0fe98e84,482,st1,available,2023-12-01,sa-east-1a,21.69,Environment=Dev;Project=Project4
vol-b95e8e30,200,gp3,available,2024-03-23,us-east-1a,16.0,Environment=Dev;Project=Project7
vol-5dd017a2,326,gp2,available,2024-05-06,ap-southeast-1a,32.6,Environment=Dev;Project=Project9
vol-4b815665,788,gp2,available,2023-12-08,eu-central-1c,78.8,Environment=Dev;Project=Project5
vol-9e2ec733,208,st1,available,2024-01-09,ap-southeast-1a,9.36,Environment=Dev;Project=Project2
vol-471f333a,394,st1,available,2024-11-04,us-west-2b,17.73,Environment=Dev;Project=Project4
vol-7920368d,412,gp2,available,2024-06-27,us-east-1a,41.2,Environment=Dev;Project=Project9
vol-059340b9,273,gp2,available,2024-02-25,eu-central-1c,27.3,Environment=Dev;Project=Project6
vol-d248f0fe,106,gp3,available,2024-04-17,us-east-1a,8.48,Environment=Dev;Project=Project2
vol-6ef94b26,763,gp2,available,2024-04-04,ap-southeast-1a,76.3,Environment=Dev;Project=Project7
vol-f9aad6d4,151,io1,available,2024-08-19,us-west-2b,18.88,Environment=Dev;Project=Project7
